{"cameraMode":{"drawMode":0,"name":"Shaded","section":"Shading Mode"},"sceneLighting":true,"audioPlay":false,"sceneViewState":{"m_AlwaysRefresh":false,"showFog":true,"showSkybox":true,"showFlares":true,"showImageEffects":true,"showParticleSystems":true,"showVisualEffectGraphs":true,"m_FxEnabled":true},"in2DMode":false,"pivot":{"x":-74.07820129394531,"y":-10.58302116394043,"z":0.9878616333007813},"rotation":{"x":0.2612425982952118,"y":-0.0028990411665290596,"z":0.0007819071179255843,"w":0.9652713537216187},"size":22.882402420043947,"orthographic":false}