{"cameraMode":{"drawMode":0,"name":"Shaded","section":"Shading Mode"},"sceneLighting":false,"audioPlay":false,"sceneViewState":{"m_AlwaysRefresh":false,"showFog":true,"showSkybox":false,"showFlares":true,"showImageEffects":true,"showParticleSystems":true,"showVisualEffectGraphs":true,"m_FxEnabled":true},"in2DMode":false,"pivot":{"x":1.9476755857467652,"y":0.319813996553421,"z":-1.1756396293640137},"rotation":{"x":0.10311757028102875,"y":-0.7230762243270874,"z":0.11061881482601166,"w":0.6740114092826843},"size":0.5696187019348145,"orthographic":false}