{"cameraMode":{"drawMode":0,"name":"Shaded","section":"Shading Mode"},"sceneLighting":false,"audioPlay":false,"sceneViewState":{"m_AlwaysRefresh":false,"showFog":true,"showSkybox":false,"showFlares":true,"showImageEffects":true,"showParticleSystems":true,"showVisualEffectGraphs":true,"m_FxEnabled":true},"in2DMode":false,"pivot":{"x":2.2801458835601808,"y":0.2038918435573578,"z":-1.6448874473571778},"rotation":{"x":0.017993632704019548,"y":-0.9820002317428589,"z":0.13069137930870057,"w":0.13517512381076814},"size":0.5696187019348145,"orthographic":false}