{"cameraMode":{"drawMode":0,"name":"Shaded","section":"Shading Mode"},"sceneLighting":false,"audioPlay":false,"sceneViewState":{"m_AlwaysRefresh":false,"showFog":true,"showSkybox":false,"showFlares":true,"showImageEffects":true,"showParticleSystems":true,"showVisualEffectGraphs":true,"m_FxEnabled":true},"in2DMode":false,"pivot":{"x":-9.707518577575684,"y":1.3708208799362183,"z":-4.890167236328125},"rotation":{"x":0.041579801589250568,"y":0.9160165190696716,"z":-0.3866294026374817,"w":0.10038551688194275},"size":1.4253249168395997,"orthographic":false}