{"cameraMode":{"drawMode":0,"name":"Shaded","section":"Shading Mode"},"sceneLighting":false,"audioPlay":false,"sceneViewState":{"m_AlwaysRefresh":false,"showFog":true,"showSkybox":false,"showFlares":true,"showImageEffects":true,"showParticleSystems":true,"showVisualEffectGraphs":true,"m_FxEnabled":true},"in2DMode":false,"pivot":{"x":-3.6360535621643068,"y":0.06635665893554688,"z":-5.511664390563965},"rotation":{"x":-0.24210619926452638,"y":-0.15549498796463014,"z":0.03934454545378685,"w":-0.9569011926651001},"size":1.1582146883010865,"orthographic":false}