{"cameraMode":{"drawMode":0,"name":"Shaded","section":"Shading Mode"},"sceneLighting":false,"audioPlay":false,"sceneViewState":{"m_AlwaysRefresh":false,"showFog":true,"showSkybox":false,"showFlares":true,"showImageEffects":true,"showParticleSystems":true,"showVisualEffectGraphs":true,"m_FxEnabled":true},"in2DMode":false,"pivot":{"x":-0.3036072254180908,"y":0.6197686195373535,"z":0.33255064487457278},"rotation":{"x":0.1053779348731041,"y":-0.8567842841148377,"z":0.19367127120494843,"w":0.466166228055954},"size":1.2043039798736573,"orthographic":false}