{"cameraMode":{"drawMode":0,"name":"Shaded","section":"Shading Mode"},"sceneLighting":false,"audioPlay":false,"sceneViewState":{"m_AlwaysRefresh":false,"showFog":true,"showSkybox":false,"showFlares":true,"showImageEffects":true,"showParticleSystems":true,"showVisualEffectGraphs":true,"m_FxEnabled":true},"in2DMode":false,"pivot":{"x":2.312098503112793,"y":0.20076435804367066,"z":-2.454582691192627},"rotation":{"x":-0.041715800762176517,"y":0.9133845567703247,"z":-0.3935272693634033,"w":-0.09678411483764649},"size":0.5696186423301697,"orthographic":false}