{"cameraMode":{"drawMode":0,"name":"Shaded","section":"Shading Mode"},"sceneLighting":false,"audioPlay":false,"sceneViewState":{"m_AlwaysRefresh":false,"showFog":true,"showSkybox":false,"showFlares":true,"showImageEffects":true,"showParticleSystems":true,"showVisualEffectGraphs":true,"m_FxEnabled":true},"in2DMode":false,"pivot":{"x":-10.737834930419922,"y":2.1870479583740236,"z":-7.391761779785156},"rotation":{"x":0.025431932881474496,"y":-0.6823252439498901,"z":0.023758437484502794,"w":0.7302230000495911},"size":3.4654831886291506,"orthographic":false}