{"cameraMode":{"drawMode":0,"name":"Shaded","section":"Shading Mode"},"sceneLighting":false,"audioPlay":false,"sceneViewState":{"m_AlwaysRefresh":false,"showFog":true,"showSkybox":false,"showFlares":true,"showImageEffects":true,"showParticleSystems":true,"showVisualEffectGraphs":true,"m_FxEnabled":true},"in2DMode":false,"pivot":{"x":4.164957046508789,"y":-5.0759968757629398,"z":10.406906127929688},"rotation":{"x":0.17183150351047517,"y":-0.5782290697097778,"z":0.12614966928958894,"w":0.7875543832778931},"size":1.1582146883010865,"orthographic":false}