{"cameraMode":{"drawMode":0,"name":"Shaded","section":"Shading Mode"},"sceneLighting":false,"audioPlay":false,"sceneViewState":{"m_AlwaysRefresh":false,"showFog":true,"showSkybox":false,"showFlares":true,"showImageEffects":true,"showParticleSystems":true,"showVisualEffectGraphs":true,"m_FxEnabled":true},"in2DMode":false,"pivot":{"x":-12.52958869934082,"y":2.1870479583740236,"z":-7.4229044914245609},"rotation":{"x":0.05402696132659912,"y":-0.7210397720336914,"z":0.05657770857214928,"w":0.6884681582450867},"size":3.4654834270477297,"orthographic":false}